,Unnamed: 0,tconst,titleType,primaryTitle,Like,isAdult,startYear,runtimeMinutes,genres
2,140281,tt0144449,movie,Nema aviona za Zagreb,,0,2012,82,Biography
5,239336,tt0249516,movie,Foodfight!,,0,2012,91,"Action,Adventure,Animation"
6,245340,tt0255820,movie,Return to Babylon,,0,2013,75,"Biography,Comedy,Drama"
8,273490,tt0285252,movie,Life's a Beach,,0,2012,100,Comedy
10,280959,tt0293069,movie,Dark Blood,,0,2012,86,Thriller
12,293328,tt0306058,movie,Second Coming,,0,2012,95,\N
14,323992,tt0337692,movie,On the Road,,0,2012,124,"Adventure,Drama,Romance"
16,345397,tt0359950,movie,The Secret Life of Walter Mitty,,0,2013,114,"Comedy,Drama,Fantasy"
17,367702,tt0383010,movie,The Three Stooges,,0,2012,92,"Comedy,Family"
19,385602,tt0401729,movie,John Carter,,0,2012,132,"Action,Adventure,Sci-Fi"
20,388769,tt0404978,movie,Gambit,,0,2012,89,"Comedy,Crime"
21,393050,tt0409379,movie,In Secret,,0,2013,107,"Crime,Drama,Thriller"
24,409819,tt0426566,movie,Pots and Pans,,0,2012,80,"Comedy,Drama,Thriller"
25,414176,tt0431021,movie,The Possession,,0,2012,92,"Horror,Mystery,Thriller"
28,416601,tt0433533,movie,Caleuche: El llamado del Mar,,0,2012,100,"Drama,Fantasy,Horror"
29,416845,tt0433787,movie,L'apocalisse delle scimmie,,0,2012,\N,Drama
32,426126,tt0443272,movie,Lincoln,1,0,2012,150,"Biography,Drama,History"
34,434771,tt0452183,movie,Blunt Movie,,0,2013,83,"Comedy,Romance"
35,435237,tt0452664,movie,Party Crashers,,0,2012,88,Comedy
37,437382,tt0454876,movie,Life of Pi,1,0,2012,127,"Adventure,Drama,Fantasy"
38,437822,tt0455323,movie,Being Flynn,,0,2012,102,Drama
41,444387,tt0462036,movie,Steve Phoenix: The Untold Story,,0,2012,110,Drama
42,446247,tt0463960,movie,The Devil You Know,,0,2013,76,"Mystery,Thriller"
43,451162,tt0469021,movie,Alan Partridge,,0,2013,90,"Action,Comedy,Crime"
45,457226,tt0475239,movie,Clutch,,0,2012,\N,"Action,Drama"
46,457334,tt0475360,movie,Persona Au Gratin,,0,2012,93,Comedy
47,461527,tt0479700,movie,Without Warrant,,0,2013,90,"Action,Crime,Drama"
49,463257,tt0481499,movie,The Croods,,0,2013,98,"Action,Adventure,Animation"
50,466723,tt0485061,movie,U Want Me 2 Kill Him?,,0,2013,92,"Drama,Thriller"
51,467169,tt0485521,movie,Sushi in Suhl,,0,2012,100,"Comedy,Drama"
52,467609,tt0485985,movie,Red Tails,,0,2012,125,"Action,Drama,History"
53,468226,tt0486622,movie,Making Change,,0,2012,94,Drama
55,471594,tt0490075,movie,Aftermath,,0,2013,84,"Crime,Thriller"
56,476406,tt0495024,movie,Bad Blood,,0,2012,107,"Horror,Mystery,Romance"
57,477738,tt0496375,movie,Prisoners of the Sun,,0,2013,85,"Action,Adventure,Horror"
60,739012,tt0762138,movie,Syrup,,0,2013,90,"Comedy,Drama,Romance"
61,740652,tt0763831,movie,A Thousand Words,,0,2012,91,"Comedy,Drama"
62,742224,tt0765446,movie,Escape from Planet Earth,,0,2013,89,"Adventure,Animation,Comedy"
63,744865,tt0768222,movie,Night of the Templar,,0,2013,101,"Horror,Mystery"
64,747374,tt0770828,movie,Man of Steel,,0,2013,143,"Action,Adventure,Sci-Fi"
66,756880,tt0780625,movie,Santorini Blue,,0,2013,90,"Comedy,Drama"
67,763489,tt0787442,movie,The Attack,,0,2012,102,"Drama,Mystery,War"
68,766593,tt0790628,movie,The Incredible Burt Wonderstone,,0,2013,100,Comedy
69,766600,tt0790636,movie,Dallas Buyers Club,,0,2013,117,"Biography,Drama"
70,766615,tt0790653,movie,Elliot Loves,,0,2012,92,"Comedy,Romance"
71,766674,tt0790724,movie,Jack Reacher,,0,2012,130,"Action,Thriller"
72,766684,tt0790736,movie,R.I.P.D.,,0,2013,96,"Action,Adventure,Comedy"
73,766724,tt0790788,movie,The Yellow Wallpaper,,0,2012,115,Thriller
74,771264,tt0795461,movie,Scary Movie V,,0,2013,88,"Comedy,Horror"
75,779997,tt0804463,movie,Devil's Knot,,0,2013,114,"Biography,Crime,Drama"
77,780036,tt0804509,movie,The Mule,,0,2013,100,"Comedy,Drama"
79,786176,tt0810772,movie,Belle du Seigneur,,0,2012,104,"Drama,Romance"
80,786524,tt0811137,movie,The Do-Deca-Pentathlon,,0,2012,76,Comedy
81,786991,tt0811613,movie,Meridian Lines,,0,2013,\N,Drama
82,791644,tt0816442,movie,The Book Thief,,0,2013,131,"Drama,War"
83,791895,tt0816711,movie,World War Z,,0,2013,116,"Action,Adventure,Horror"
84,792713,tt0817545,movie,The Power of Few,,0,2013,96,"Action,Crime,Drama"
87,803963,tt0829176,movie,Gallowwalkers,,0,2012,90,"Action,Adventure,Fantasy"
89,809979,tt0835418,movie,The Babymakers,,0,2012,95,Comedy
90,812047,tt0837559,movie,Approaching Midnight,,0,2013,86,"Crime,Drama,Romance"
91,812050,tt0837562,movie,Hotel Transylvania,1,0,2012,91,"Animation,Comedy,Family"
92,815475,tt0841185,movie,Whatever Happened to Pete Blaggit?,,0,2012,94,"Comedy,Sci-Fi"
93,818093,tt0843839,movie,The Fallen Word,,0,2013,60,"Drama,Fantasy,Mystery"
94,821653,tt0847505,movie,Night Traveler,,0,2013,\N,Adventure
95,822351,tt0848228,movie,The Avengers,1,0,2012,143,"Action,Adventure,Sci-Fi"
96,822653,tt0848537,movie,Epic,,0,2013,102,"Adventure,Animation,Family"
97,824748,tt0850677,movie,Jack & Diane,,0,2012,110,"Drama,Horror,Romance"
98,825535,tt0851471,movie,Sir Billi,,0,2012,76,"Adventure,Animation,Comedy"
99,826476,tt0852441,movie,Folie à deux,,0,2012,\N,Drama
100,831094,tt0857190,movie,The Sweeney,,0,2012,112,"Action,Crime,Drama"
101,834627,tt0860907,movie,Evangelion: 3.0 You Can,,0,2012,96,"Action,Animation,Drama"
102,839186,tt0865557,movie,Letting Go,,0,2012,83,"Drama,Romance"
103,845303,tt0871891,movie,The Nightclub Days,,0,2012,\N,Comedy
104,852015,tt0878814,movie,Jewtopia,,0,2012,90,"Comedy,Romance"
105,856030,tt0882977,movie,Snitch,,0,2013,112,"Action,Drama,Thriller"
107,857711,tt0884726,movie,Legends of Oz: Dorothy's Return,,0,2013,88,"Adventure,Animation,Family"
110,875900,tt0903624,movie,The Hobbit: An Unexpected Journey,2,0,2012,169,"Adventure,Family,Fantasy"
111,878187,tt0906013,movie,The Grind,,0,2012,85,"Crime,Thriller"
113,879948,tt0907852,movie,Exposed,,0,2012,82,"Drama,Mystery,Thriller"
115,897629,tt0926170,movie,White Men Can't Dance,,0,2012,105,"Drama,Family"
130,909471,tt0938305,movie,Freaky Deaky,,0,2012,90,"Comedy,Crime,Thriller"
131,909491,tt0938330,movie,Silent Hill: Revelation,,0,2012,95,"Fantasy,Horror"
133,919292,tt0948470,movie,The Amazing Spider-Man,2,0,2012,136,"Action,Adventure,Sci-Fi"
135,931143,tt0960727,movie,Let Me Survive,,0,2013,\N,Drama
136,932142,tt0961755,movie,The Trouble with Cali,,0,2012,\N,Comedy
137,939466,tt0969345,movie,Strange Frame: Love & Sax,,0,2012,98,"Animation,Crime,Music"
142,945489,tt0975645,movie,Hitchcock,,0,2012,98,"Biography,Drama,Romance"
143,950685,tt0980999,movie,Four,,0,2012,75,"Drama,Romance"
144,952828,tt0983190,movie,The Unwanted,,0,2013,95,"Drama,Thriller"
145,952881,tt0983250,movie,You're Nobody 'til Somebody Kills You,,0,2012,86,"Horror,Thriller"
151,960578,tt0991173,movie,The Significant Other,,0,2012,90,"Comedy,Romance"
152,963163,tt0993846,movie,The Wolf of Wall Street,,0,2013,180,"Biography,Crime,Drama"
153,965113,tt0995845,movie,The Courier,,0,2012,95,"Action,Crime,Drama"
154,966207,tt0996958,movie,Legend of the Red Reaper,,0,2013,99,"Action,Adventure,Fantasy"
493,978169,tt10016642,movie,Kutha Bolu Naka,,0,2013,\N,Family
502,978350,tt10016956,movie,Jai Maharashtra Dhaba Bhatinda,,0,2013,\N,Romance
506,978426,tt10017088,movie,Navra Majha Bhavra,,0,2013,\N,Comedy
508,978537,tt10017274,movie,Parees,,0,2013,\N,Drama
1003,988040,tt10033686,movie,Grandmother's Farm,,0,2013,71,"Comedy,Horror,Mystery"
1047,988885,tt10035152,movie,Im Dickicht Der Städte,,0,2013,123,Drama
1149,991418,tt10039528,movie,Hollywood Necronomicon,,0,2013,\N,Mystery
2455,1010490,tt10073132,movie,Despedida de soltero,,0,2013,90,Thriller
2496,1011591,tt10075088,movie,Faut pas pousser Mémé dans les orties (Stageplay),,0,2012,70,Comedy
2510,1011994,tt10075788,movie,The Hunger Games Premiere,,0,2012,\N,Action
2511,1012023,tt10075836,movie,The Avengers Assemble Premiere,,0,2012,\N,Action
2600,1013033,tt10077568,movie,Kokomma,,0,2012,\N,Drama
2727,1015055,tt10081128,movie,Anubhava,,0,2013,\N,"Drama,Romance"
2729,1015113,tt10081228,movie,Whip,,0,2013,49,Drama
2841,1016809,tt10084174,movie,Zeit der Olive,,0,2012,\N,Drama
2964,1018444,tt10087030,movie,Ranbhoomi,,0,2013,\N,Action
2965,1018556,tt10087228,movie,Tendlya Nighala Oscarla,,0,2013,\N,Drama
2967,1018741,tt10087544,movie,Govinda,,0,2013,103,Drama
2969,1018746,tt10087552,movie,Sutradhaar,,0,2013,\N,Drama
2971,1018782,tt10087614,movie,Sat Na Gat,,0,2013,\N,Drama
3250,1022658,tt10094394,movie,Rock and a Hard Place,,0,2013,\N,Drama
3343,1023243,tt10095420,movie,On the Nanniwan Frontier,,0,2013,110,"Drama,War"
3346,1023270,tt10095466,movie,Mao Zedong and Qi Baishi,,0,2013,92,"Biography,Drama"
3512,1024518,tt10097664,movie,"Mamo, ya lotchyka lyublyu",,0,2012,\N,"Drama,Romance"
3553,1024691,tt10097968,movie,Midnight Party,,0,2012,90,"Crime,Drama"
3998,1028877,tt10105362,movie,Dil Sada Luteya Gaya,,0,2013,\N,"Comedy,Romance"
4051,1029957,tt10107250,movie,Karma ke Rati,,0,2013,130,Drama
4254,1031368,tt10109692,movie,Dhilakani,,0,2013,135,"Crime,Drama"
4334,1032206,tt10111144,movie,El País de Abril,,0,2013,\N,Drama
4552,1034659,tt10115458,movie,Lyfstraf (Corporal Punishment),,0,2012,76,Horror
4798,1037927,tt10121164,movie,Fantasia 2,,0,2013,\N,Horror
4800,1037977,tt10121250,movie,Weekend Movie,,0,2012,81,"Action,Comedy,Thriller"
4851,1038546,tt10122258,movie,After the flood,,0,2012,\N,Drama
5132,1042460,tt10129116,movie,blockheaDs the Movie,,0,2013,\N,"Action,Comedy"
5824,1054675,tt10150576,movie,Pablo,,0,2013,91,"Drama,Family"
5837,1055640,tt10152304,movie,Das Ewige Antlitz,,0,2012,100,Drama
6026,1058760,tt10157728,movie,Vinmeengal,,0,2012,155,Drama
6034,1059275,tt10158628,movie,Tokan,,0,2013,83,"Action,Crime"
6209,1061086,tt10161810,movie,Darlene's Revenge,,0,2012,54,Comedy
6317,1064128,tt10167110,movie,Du shi tong hua,,0,2012,\N,Drama
6334,1064655,tt10168040,movie,My Avatar Horse,,0,2012,\N,Drama
6335,1064661,tt10168050,movie,Yang wang xing kong,,0,2012,\N,\N
6462,1068341,tt10174596,movie,Illuminate,,0,2013,116,Drama
6668,1072729,tt10182318,movie,"Luca, l'évangile d'un homo",,0,2013,\N,"Drama,Fantasy,Music"
7204,1084909,tt10203594,movie,Block Burner,,0,2012,99,Drama
7211,1085002,tt10203762,movie,Trapp Life,,0,2013,84,Action
7923,1092645,tt10217034,movie,Apartaments,,0,2012,51,\N
8363,1097327,tt10225280,movie,No Me Cazaras,,0,2013,120,Comedy
8571,1099199,tt10228552,movie,Seven Diamonds,,0,2013,\N,Action
9127,1106173,tt10240846,movie,Hati Ke Hati,,0,2013,85,Drama
9271,1109398,tt1024648,movie,Argo,1,0,2012,120,"Biography,Drama,Thriller"
9346,1110107,tt1024770,movie,The People I've Slept With,,0,2012,89,Comedy
9634,1112016,tt1025102,movie,The Pardon,,0,2013,120,Crime
10729,1127701,tt10278468,movie,Arthur L'aventurier en Afrique,,0,2013,75,Family
10763,1128447,tt10279798,movie,Nochoice,,0,2012,54,Drama
11161,1132893,tt10287560,movie,Yaanam,,0,2013,\N,Drama
11459,1135614,tt1029231,movie,Krrish 3,2,0,2013,152,"Action,Sci-Fi"
11483,1136617,tt10294046,movie,Halloween,,0,2013,\N,Horror
11715,1140171,tt10300354,movie,Last Days In Waldo County,,0,2012,45,"Comedy,Drama,Thriller"
12209,1144661,tt10308142,movie,Arthur L'aventurier - L'oeil de cristal,,0,2012,\N,Family
12724,1150354,tt10318272,movie,Anna et Otto,,0,2013,104,Drama
12835,1151983,tt10321126,movie,RiffTrax: The Hunger Games,,0,2012,\N,Comedy
12917,1152650,tt10322272,movie,RiffTrax: Captain America: The First Avenger,,0,2012,\N,Comedy
13346,1158503,tt10332462,movie,Naughty Professor,,0,2012,\N,Comedy
13824,1163895,tt10341988,movie,Nicolas Noël - Mon histoire magique,,0,2012,\N,Family
13897,1164564,tt1034314,movie,Iron Sky,,0,2012,93,"Action,Adventure,Comedy"
14287,1168959,tt10350900,movie,Hikiko-san vs. Kokkuri-san,,0,2012,81,Horror
14314,1169485,tt10351820,movie,Daisy,,0,2012,79,"Drama,Fantasy"
14824,1174936,tt10361450,movie,Mengejar Setan,,0,2013,71,Horror
15210,1181023,tt1037222,movie,Cody the Robosapien,,0,2013,86,"Adventure,Drama,Family"
15211,1181029,tt1037223,movie,Everyday,,0,2012,106,Drama
15291,1183140,tt10376024,movie,Arrivederci Macau,,0,2013,105,Biography
15436,1189329,tt1038693,movie,The Story of Luke,,0,2012,96,"Comedy,Drama"
15739,1201973,tt10409218,movie,Peppa Pig: The Christmas Show and Other Stories,,0,2012,\N,Animation
16057,1212390,tt10427358,movie,Make Money,,0,2013,99,Comedy
16200,1215119,tt10432166,movie,Queen of the Universe Pilot,,0,2013,\N,Reality-TV
16269,1217449,tt10436214,movie,The Donkey's Belly Chronicles,,0,2013,50,Drama
16351,1220423,tt10441496,movie,D/o Varma,,0,2013,\N,Comedy
16357,1220490,tt10441614,movie,Out of Nowhere,,0,2012,118,\N
16639,1229086,tt1045658,movie,Silver Linings Playbook,,0,2012,122,"Comedy,Drama,Romance"
16686,1231604,tt10460978,movie,Chaku Ero - Declaration of Youth,,0,2013,50,\N
16717,1234266,tt10465662,movie,"Pokou, princesse ashanti",,0,2013,\N,Animation
16755,1236743,tt1047011,movie,Unfinished Song,,0,2012,90,"Comedy,Drama,Music"
16782,1238572,tt10473392,movie,Dream Holiday,,0,2012,\N,\N
16787,1239742,tt1047540,movie,Parental Guidance,,0,2012,105,"Comedy,Family"
16789,1240454,tt10476634,movie,1972 Yellow House,,0,2013,52,Horror
16807,1241189,tt10477954,movie,Saad,,0,2012,\N,Drama
17060,1250366,tt1049406,movie,Pablo,,0,2012,90,"Animation,Biography"
17061,1250383,tt1049409,movie,Chasing Happiness,,0,2012,80,Comedy
17067,1250684,tt10494642,movie,This Isn't Shaft... It's a XXX Spoof!,,1,2012,\N,Adult
17148,1252353,tt10497498,movie,Office of Fart Smell of OL,,1,2013,90,Adult
17171,1253217,tt10499020,movie,Biopic,,0,2013,\N,\N
17172,1253443,tt10499410,movie,Slon (Elephant),,0,2012,\N,\N
17200,1254920,tt10501986,movie,Thodi Khatti Thodi Hatti,,0,2012,\N,Family
17213,1256695,tt10505056,movie,Penance (Part 2),,0,2012,\N,\N
17262,1259719,tt10510384,movie,The Bird Who Saved the World,,0,2012,84,"Comedy,Drama,Fantasy"
17270,1259934,tt10510774,movie,Dejligt - the golden age of Danish Pornography 1970 - 1974,,1,2012,84,Adult
17327,1262196,tt10514866,movie,Aiuto,,0,2013,\N,Drama
18534,1281635,tt10548894,movie,Discover Vivaldi's Four Seasons,,0,2013,105,Music
18966,1288318,tt10560600,movie,Shikaar A Murder Mystery,,0,2012,\N,Horror
19150,1290551,tt10564618,movie,Mister Dzidza,,0,2013,100,Comedy
19471,1294382,tt10571138,movie,Street Meets Pavement,,0,2013,96,Crime
19621,1296230,tt10574344,movie,Tala Dar Mes,,0,2013,\N,Drama
20367,1306987,tt1059317,movie,Sophomore,,0,2012,98,Comedy
20556,1309887,tt1059836,movie,Transit,,0,2012,88,"Action,Crime,Thriller"
20651,1312359,tt1060273,movie,This Bitter Earth,,0,2012,76,"Drama,Music"
21026,1317816,tt10612336,movie,Hawk Warrior of the Wheelzone,,0,2012,90,Sci-Fi
21031,1318609,tt10613758,movie,Vitrum - Riverberi nello specchio,,0,2013,\N,Thriller
21100,1319701,tt10615622,movie,Core,,0,2012,\N,\N
21241,1323962,tt10623034,movie,Kuroinu: Kedakaki Seijo wa Hakudaku ni Somaru,,1,2012,152,"Adult,Animation,Drama"
21615,1331294,tt10635724,movie,Aeifygia,,0,2012,\N,\N
21817,1335211,tt10642492,movie,Classic Incantations,,0,2012,\N,Musical
22275,1344538,tt10658772,movie,Man of the Match,,0,2013,\N,Action
22292,1346292,tt10661814,movie,Murder,,0,2012,\N,Drama
22394,1348750,tt10666070,movie,Last Memories of Summer,,1,2012,120,Adult
22585,1355393,tt1067765,movie,Adult World,,0,2013,97,"Comedy,Drama"
22586,1355436,tt1067773,movie,Game of Assassins,,0,2013,80,"Action,Adventure,Horror"
22879,1362221,tt1068953,movie,House of Good and Evil,,0,2013,108,Thriller
23025,1363524,tt10691806,movie,Genoa Cricket and Football Club vs Cagliari Calcio,,0,2012,90,\N
23026,1363527,tt10691810,movie,Juventus F.C. vs Parma Calcio 1913,,0,2012,90,\N
23030,1363536,tt10691826,movie,ACF Fiorentina vs Calcio Catania,,0,2012,90,\N
23031,1363539,tt10691830,movie,Associazione Calcio Siena vs Udinese Calcio,,0,2012,90,\N
23032,1363540,tt10691832,movie,ACF Fiorentina vs Juventus F.C.,,0,2012,90,\N
23033,1363541,tt10691834,movie,Genoa Cricket and Football Club vs Juventus F.C.,,0,2012,90,\N
23034,1363542,tt10691836,movie,F.C Internazionale Milano vs Associazione Calcio Siena,,0,2012,90,\N
23756,1376311,tt10713774,movie,Fight Till The End,,0,2013,90,Drama
23944,1378858,tt1071809,movie,The Amazing Adventures of the Living Corpse,,0,2012,88,"Action,Animation,Fantasy"
23966,1380631,tt10721196,movie,Mokala Shwas,,0,2012,\N,Family
24395,1385659,tt10729886,movie,Exposure,,0,2013,\N,\N
24396,1385793,tt10730124,movie,Patient Zero,,0,2013,\N,\N
24398,1385876,tt10730266,movie,Dinner Will Be Late,,0,2013,\N,\N
24400,1385891,tt10730294,movie,You Can't Hack This,,0,2013,\N,\N
25159,1395210,tt1074638,movie,Skyfall,,0,2012,143,"Action,Adventure,Thriller"
25578,1404527,tt1076250,movie,The Dark Party,,0,2013,95,"Drama,Romance"
25706,1407184,tt10767212,movie,Liverpool Football Club vs Manchester United,,0,2012,90,\N
25730,1407246,tt10767318,movie,Newcastle United F.C. vs Tottenham Hotspur Football Club,,0,2012,90,\N
25863,1410788,tt1077368,movie,Dark Shadows,,0,2012,113,"Comedy,Fantasy,Horror"
25951,1413682,tt10778738,movie,Suhagan Shobhe Sasariye,,0,2013,\N,Drama
26172,1417716,tt10785942,movie,Freddy vs. Jason 2,,0,2012,48,Horror
26303,1419291,tt10788728,movie,Manchester City vs Queens Park Rangers,,0,2012,90,\N
26423,1422060,tt1079360,movie,The Girl from the Naked Eye,,0,2012,84,"Action,Crime,Mystery"
26458,1423105,tt10795594,movie,Champions League - Semi-Final Real Madrid vs Borussia Dortmund,,0,2013,90,Action
26463,1423178,tt10795720,movie,Spain vs. Italy,,0,2012,90,\N
26583,1425545,tt10799794,movie,Blitz and Bananas,,0,2012,97,Drama
26675,1429058,tt10805912,movie,Nigeria vs Uruguay,,0,2013,90,Action
26881,1434771,tt10815756,movie,One night tune: Oretachi no dengon,,0,2012,60,\N
26882,1434783,tt10815776,movie,Intô kokuhaku: Aniyome no nureta gogo,,0,2012,60,\N
26883,1434791,tt10815790,movie,Kyonyû roshutsu: Tawawa shibori,,0,2012,60,\N
26885,1434808,tt10815824,movie,Hatsujô bus guide: Oshaburi kyonyû,,0,2012,60,\N
26887,1434836,tt10815876,movie,Misoji gibo: Haitoku no shitatari,,0,2012,60,\N
26888,1434868,tt10815934,movie,Nettori hisho: Suwareru kaikan,,0,2012,60,\N
26890,1434879,tt10815956,movie,Chikan ressha: Mushi no atsui shirabe,,0,2012,60,\N
26942,1437073,tt1081975,movie,Richness of Internal Space,,0,2012,89,Drama
27393,1450741,tt10843446,movie,The Relic - Begins,,0,2012,\N,Sci-Fi
27450,1452194,tt10845958,movie,The Memory Remains,,0,2013,\N,Action
27786,1458289,tt10856746,movie,Muchachos,,0,2013,\N,Drama
27832,1458918,tt10857830,movie,Shabnam and Shafaq,,0,2012,150,Drama
28259,1462552,tt10864168,movie,The Quiet Room,,0,2013,\N,Horror
28402,1468508,tt1087440,movie,The Dark Side of Love,,0,2012,87,Drama
28923,1479168,tt10892820,movie,Ardhanaari,,0,2012,95,Drama
28956,1480839,tt10895760,movie,I am Modern,,0,2013,117,"Comedy,Reality-TV,Romance"
29212,1486153,tt10904988,movie,Aporanya,,0,2012,65,"Animation,Sci-Fi,Thriller"
29213,1486208,tt10905080,movie,Champions League - Quarter Final Barcelona vs AC Milan,,0,2012,90,\N
29362,1489234,tt10910326,movie,Juventus vs AC Milan,,0,2013,90,\N
29379,1490154,tt1091191,movie,Lone Survivor,,0,2013,121,"Action,Biography,Drama"
29488,1493635,tt10918098,movie,Last Ride 3,,0,2012,80,Crime
29489,1493661,tt10918142,movie,Finding Cyrus,,0,2013,95,Drama
29490,1493704,tt1091821,movie,Noah,,0,2012,\N,Animation
29694,1495410,tt10921182,movie,Adhyaya,,0,2013,\N,Drama
29837,1498289,tt10926206,movie,Un cuento Latinoamericano,,0,2012,88,"Drama,Fantasy,Horror"
29860,1499651,tt10928640,movie,Crónica de un secuestro,,0,2012,\N,Thriller
29861,1499906,tt10929118,movie,El Pulpo,,0,2012,\N,\N
29863,1500007,tt10929296,movie,Escisión,,0,2013,\N,Horror
29864,1500049,tt10929370,movie,Entre Líneas,,0,2013,\N,Thriller
29865,1500317,tt10929846,movie,A Primera Vista,,0,2013,\N,Romance
29866,1500360,tt10929924,movie,Inmutable,,0,2013,\N,Sci-Fi
29912,1501020,tt10931114,movie,Reviera,,0,2013,\N,Crime
29986,1502139,tt10933090,movie,Matrix Zone,,0,2013,\N,Action
29987,1502150,tt10933112,movie,"0,40%",,0,2012,\N,Drama
29992,1502387,tt1093355,movie,BuzzKill,,0,2012,94,Comedy
30048,1504554,tt10937354,movie,Patrizia Gattacecca à NEW YORK,,0,2013,\N,Music
30128,1506143,tt10940116,movie,Mía,,0,2013,\N,Thriller
30191,1509025,tt10945120,movie,The Assassin's Practice,,0,2013,80,Thriller
30433,1510653,tt10948012,movie,¿Has escuchado la leyenda?,,0,2013,\N,Horror
30468,1511717,tt10949854,movie,Flamenco Hoy! by Carlos Saura,,0,2013,\N,Musical
30479,1511959,tt10950282,movie,Kvelertak: Live at the Electric Ballroom,,0,2013,\N,Music
30525,1513068,tt10952232,movie,Orkut Oru Ormakoot,,0,2012,\N,Drama
30696,1514740,tt10955162,movie,Yakubu,,0,2013,\N,Drama
30703,1515169,tt10955926,movie,Nach Tuzach Lagin Haay,,0,2012,\N,Thriller
31135,1522741,tt10968858,movie,El Ultimo Minuto,,0,2013,95,Drama
31532,1532379,tt10985580,movie,Borussia Dortmund vs Real Madrid,,0,2012,90,\N
31533,1532383,tt10985588,movie,Borussia Dortmund vs Bayern Munich,,0,2012,90,\N
31535,1532400,tt10985616,movie,Juventus F.C. vs Associazione Calcio Chievo Verona,,0,2012,90,Reality-TV
31536,1532431,tt10985670,movie,Società Sportiva Lazio SpA vs Associazione Calcio Siena,,0,2012,90,\N
31537,1532476,tt10985766,movie,Società Sportiva Lazio SpA vs Genoa Cricket and Football Club,,0,2012,90,\N
31538,1532482,tt10985776,movie,Associazione Calcio Siena vs Juventus F.C.,,0,2012,90,\N
31539,1532491,tt10985794,movie,Atalanta B.C. vs Unione Sportiva Città di Palermo,,0,2012,90,\N
31540,1532500,tt10985812,movie,A.S.Roma vs UC Sampdoria,,0,2012,90,\N
31541,1532507,tt10985826,movie,UC Sampdoria vs Società Sportiva Calcio Napoli,,0,2012,90,\N
31542,1532513,tt10985836,movie,Juventus F.C. vs Società Sportiva Calcio Napoli,,0,2012,90,Reality-TV
31543,1532520,tt10985848,movie,Società Sportiva Lazio SpA vs Associazione Calcio Milan,,0,2012,90,\N
31544,1532561,tt10985920,movie,Delfino Pescara 1936 vs UC Sampdoria,,0,2012,90,\N
31545,1532585,tt10985962,movie,A.S.Roma vs Bologna Football Club 1909,,0,2012,90,\N
31686,1538664,tt10996450,movie,Married Woman's Rendezvous - Nakadashi Adultery Document,,0,2013,150,Drama
32536,1550941,tt11017782,movie,Inspector Chandni,,0,2013,135,Drama
32843,1557334,tt11028826,movie,German Bundesliga Schalke vs Borussia Dortmund,,0,2012,90,\N
32846,1557406,tt11028946,movie,Premier League Everton vs Liverpool,,0,2012,90,\N
32847,1557437,tt11028998,movie,German Bundesliga Eintracht Frankfurt vs Greuther Furth,,0,2012,90,\N
32848,1557452,tt11029022,movie,German Bundesliga Hamburg vs Bayern Munich,,0,2012,90,\N
32849,1557455,tt11029028,movie,German Bundesliga FC Nurnberg vs Wolfsburg,,0,2012,90,\N
32850,1557462,tt11029040,movie,German Bundesliga Hannover 96 vs FC Augsburg,,0,2012,90,\N
32851,1557470,tt11029054,movie,German Bundesliga M'gladbach vs SC Freiburg,,0,2012,90,\N
32852,1557477,tt11029066,movie,German Bundesliga Hoffenheim vs Schalke,,0,2012,92,\N
32853,1557481,tt11029072,movie,German Bundesliga Borussia Dortmund vs Stuttgart,,0,2012,90,\N
32854,1557483,tt11029076,movie,German Bundesliga Stuttgart vs Hannover 96,,0,2012,90,\N
32855,1557487,tt11029082,movie,Premier League Chelsea vs Liverpool,,0,2012,90,\N
32856,1557491,tt11029090,movie,German Bundesliga Greuther Furth vs M'gladbach,,0,2012,93,\N
32857,1557493,tt11029094,movie,German Bundesliga Wolfsburg vs Bayer Leverkusen,,0,2012,92,\N
32858,1557505,tt11029114,movie,German Bundesliga Hoffenheim vs Wolfsburg,,0,2012,90,\N
32859,1557519,tt11029138,movie,German Bundesliga Werder Bremen vs Fortuna Düsseldorf,,0,2012,90,\N
32860,1557527,tt11029150,movie,German Bundesliga Eintracht Frankfurt vs FC Augsburg,,0,2012,90,\N
33285,1561378,tt11035780,movie,Shakhta,,0,2012,\N,Drama
33556,1567513,tt11046402,movie,Bokad,,0,2012,\N,Drama
33557,1567882,tt11047044,movie,Rajaji I Love You,,0,2013,116,Comedy
34320,1580274,tt11068454,movie,ZhZh,,0,2013,\N,Drama
34322,1580493,tt1106884,movie,Cut/Print,,0,2012,92,"Horror,Thriller"
34776,1593005,tt11090570,movie,Frankly,,0,2012,\N,Musical
34779,1593052,tt11090650,movie,A Resting Place,,0,2012,\N,Musical
34789,1593761,tt11091876,movie,Tu Hi to Meri Jaan Hai Radha,,0,2013,156,Drama
34792,1593867,tt11092064,movie,E Kaisan Pratha,,0,2013,135,Drama
34864,1595868,tt11095492,movie,History Rediscovered: The Secret Life of Adolf Hitler,,0,2012,\N,Drama
34869,1596018,tt1109574,movie,Between Us,,0,2012,90,Drama
34871,1596093,tt1109587,movie,Driving Me Crazy,,0,2012,\N,"Comedy,Drama,Romance"
35296,1607012,tt11114766,movie,Munafiq,,0,2013,135,Drama
35408,1610776,tt11121340,movie,The Secret Behind a Robe,,0,2013,95,Drama
35414,1610993,tt11121760,movie,"Zdraste, priekhali!",,0,2012,\N,Comedy
35415,1611115,tt11121976,movie,In Search Of...,,0,2012,73,Sci-Fi
35416,1611176,tt11122080,movie,Hei Luo Li he Bai Luo Li,,0,2013,65,Drama
35711,1619518,tt11136648,movie,"I Am Miner, Who Is More...",,0,2012,51,Drama
35761,1621823,tt11140702,movie,Michale Graves Live at Europa,,0,2013,83,Music
35769,1622086,tt11141152,movie,"Ugly, Cupid and Silly",,0,2013,96,Comedy
35857,1625698,tt11147552,movie,Hard Man,,0,2012,80,Drama
35908,1627400,tt11150474,movie,Milk Sour Cream Curd,,0,2013,70,Comedy
36014,1631331,tt11157332,movie,Antim Tandav,,0,2012,135,Drama
36015,1631345,tt11157356,movie,Kalua Bhail Sayan,,0,2012,\N,Drama
36087,1634030,tt11162082,movie,Prigode kmeta Pajota 2,,0,2012,90,Comedy
36094,1634384,tt11162780,movie,Acidente Inesperado 2,,0,2013,\N,Comedy
36105,1634934,tt11163758,movie,Dryland,,0,2013,65,Drama
36170,1637000,tt11167472,movie,Sej Taiyar Sajaniya Farar,,0,2012,\N,"Comedy,Romance"
36251,1643510,tt11178892,movie,Jours de Cendre,,0,2013,95,Drama
36478,1651561,tt11193212,movie,Mr Happy,,0,2012,58,Horror
36532,1653251,tt1119630,movie,La revolución es un sueño eterno,,0,2012,110,"Biography,History"
36554,1654521,tt11198608,movie,"Father, Where Are You?",,0,2012,90,"Comedy,Drama"
36678,1659395,tt11207354,movie,We Are On! Houn Jau Dya,,0,2013,131,\N
36724,1660572,tt11209436,movie,The Pirates Cove,,0,2013,\N,"Action,Comedy"
36725,1660589,tt11209466,movie,BOOK EM: Parkour Cops!,,0,2013,\N,Comedy
36945,1666364,tt1121986,movie,Money Fight,,0,2012,119,"Action,Drama"
37391,1676543,tt11237988,movie,Devra Pe Manva Dole,,0,2012,121,Drama
37405,1677865,tt1124034,movie,Eternal,,0,2012,\N,Horror
37479,1680083,tt11244306,movie,Va Anh Se Tro Lai,,0,2013,\N,"Drama,Romance"
37482,1680146,tt11244414,movie,The Light: Swami Vivekananda,,0,2013,117,"Biography,History"
37631,1684504,tt11252154,movie,Cinecitta,,0,2012,110,Comedy
37643,1684969,tt11252988,movie,Aakasam Lo Sagam,,0,2013,\N,Drama
37807,1687690,tt11257754,movie,Ghabrestane Gheyre Entefaei,,0,2012,\N,Comedy
37890,1688573,tt1125928,movie,Knife to a Gunfight,,0,2013,90,Thriller
37993,1695839,tt1127220,movie,Mr Bhatti on Chutti,,0,2012,\N,Comedy
38151,1699620,tt1127883,movie,The Girl,,0,2012,95,"Crime,Drama,Thriller"
38326,1709539,tt11296372,movie,Manchester City vs Tottenham Hotspur,,0,2012,90,\N
38327,1709595,tt11296468,movie,Tottenham Hotspur Football Club vs Liverpool Football Club,,0,2013,90,\N
38328,1709599,tt11296474,movie,Manchester City F.C. vs Tottenham Hotspur Football Club,,0,2013,90,\N
38329,1709621,tt11296510,movie,Tottenham Hotspur vs West Bromwich Albion,,0,2012,90,\N
38330,1709623,tt11296514,movie,Tottenham Hotspur vs Norwich City,,0,2012,90,\N
38331,1709629,tt11296524,movie,Reading vs Tottenham Hotspur,,0,2012,90,Action
38332,1709633,tt11296530,movie,Manchester United vs Tottenham Hotspur,,0,2012,90,Action
38333,1709658,tt11296572,movie,Tottenham Hotspur vs Queens Park Rangers,,0,2012,90,Action
38334,1709670,tt11296592,movie,Tottenham Hotspur vs Wigan Athletic,,0,2012,90,\N
38362,1711446,tt11299680,movie,The Fock n Rollers,,0,2012,88,"Comedy,Music"
38363,1711857,tt11300390,movie,Odds or Evens,,0,2012,94,Drama
38611,1724744,tt1132285,movie,The Factory,,0,2012,104,"Crime,Mystery,Thriller"
38617,1725659,tt1132449,movie,Lay the Favorite,,0,2012,94,"Comedy,Drama,Romance"
38713,1727410,tt11327524,movie,Johnny Hallyday - Born Rocker Tour - Bercy,,0,2013,137,Musical
38900,1735313,tt11341310,movie,The Day Comes,,0,2013,\N,Drama
38969,1736623,tt11343608,movie,Rüzgar ve Sis,,0,2013,\N,Mystery
39019,1737911,tt11345826,movie,Mahabharat Aur Barbareek,,0,2013,137,"Drama,Fantasy,War"
39031,1739593,tt11348818,movie,Aamhi Chamakate Taare,,0,2012,126,\N
39206,1744441,tt11357310,movie,Il muro celato,,0,2012,90,Drama
39709,1752871,tt11372090,movie,Fuck Duissan,,0,2013,72,Action
39732,1754383,tt1137473,movie,Playing Doctor,,0,2013,\N,Comedy
39818,1762313,tt11388642,movie,Ivan e il suo strano tempo,,0,2013,\N,Drama
39861,1765531,tt11394356,movie,Achuras 2: Feto Voodoo,,0,2013,60,Horror
39878,1766763,tt11396512,movie,Rye Rye,,0,2013,\N,Drama
40150,1772585,tt11406678,movie,En busca,,0,2013,54,Drama
40158,1772954,tt11407320,movie,Khai,,0,2013,60,Drama
40364,1781592,tt11423156,movie,Kamgumilchi-meidu,,0,2013,88,Crime
40437,1785392,tt1142977,movie,Frankenweenie,,0,2012,87,"Animation,Comedy,Family"
40438,1785438,tt1142985,movie,Perfection,,0,2012,85,"Comedy,Drama"
40441,1786302,tt11431344,movie,Lost,,0,2013,81,"Drama,Mystery,Thriller"
40556,1789975,tt11437792,movie,Old Gold Time,,0,2012,\N,Drama
40613,1794339,tt1144548,movie,Mountain Mafia,,0,2012,\N,"Action,Adventure,Drama"
40707,1797856,tt11451606,movie,1866,,0,2013,60,History
40974,1804667,tt11463528,movie,The Extravagant Shadows,,0,2012,175,Romance
41216,1808180,tt11469728,movie,Harold & Lorna: World Water Speed Champions,,0,2012,80,Drama
41217,1808309,tt11469958,movie,Boss Lady,,0,2013,120,Drama
41220,1808315,tt11469968,movie,Affairs,,0,2013,115,Thriller
41422,1815255,tt11481990,movie,Ron and Justin,,0,2012,140,"Drama,Romance"
41610,1823540,tt11496394,movie,Judge Zhan,,0,2012,\N,Drama
41611,1823542,tt11496398,movie,I Swan,,0,2012,\N,Drama
41612,1823545,tt11496402,movie,Tang Ka,,0,2012,\N,Drama
41613,1823546,tt11496404,movie,Wu Ren Bao,,0,2012,110,Drama
41690,1827138,tt11502658,movie,I Love Wolffy,,0,2012,87,"Animation,Family"
41940,1836701,tt1151914,movie,Dolls of Voodoo,,0,2013,78,Thriller
42122,1843191,tt11530312,movie,Watashi wa Kami-sama yo!,,1,2012,127,Adult
42302,1847025,tt1153693,movie,Broken Kingdom,,0,2012,\N,Drama
42371,1848840,tt11540042,movie,Soif de pub: Les Lions de Cannes 2012,,0,2012,90,\N
42615,1855478,tt11551600,movie,Jumeli,,0,2013,\N,Drama
42620,1855876,tt11552280,movie,Paisaje Nocturno,,0,2012,\N,Animation
42673,1859188,tt11558002,movie,Natural Burials,,0,2012,100,"Horror,Romance,Thriller"
42680,1859365,tt11558316,movie,Teippaaja Pro elokuva,,0,2012,75,Comedy
42769,1866008,tt11570056,movie,Doso Dedo Iz Njemacke,,0,2013,105,Comedy
42775,1866187,tt11570374,movie,Had Ho Gayi,,0,2012,147,Comedy
42780,1866226,tt11570440,movie,Katto,,0,2012,132,Romance
42848,1872546,tt11581554,movie,Fakkad,,0,2013,145,"Comedy,Drama,Family"
42879,1874649,tt11585296,movie,Eagles: Live at the Capital Centre (March 1977),,0,2013,45,Music
42965,1876977,tt1158934,movie,Little Big Boy,,0,2012,90,"Comedy,Horror"
42983,1877995,tt11591164,movie,Venus in Furs,,0,2012,80,"Drama,Thriller"
43099,1882628,tt1159922,movie,Cheerful Weather for the Wedding,,0,2012,89,"Comedy,Drama,Romance"
43138,1885679,tt11604616,movie,Bangkit dari Lumpur,,0,2013,80,Horror
43139,1885759,tt11604764,movie,Untold Secrets,,0,2012,117,"Adventure,Sci-Fi,Thriller"
43140,1885799,tt11604836,movie,Khiladi Bhaiya,,0,2013,134,Action
43169,1888694,tt1160996,movie,The Colony,,0,2013,95,"Action,Sci-Fi,Thriller"
43519,1900152,tt11630044,movie,The House,,0,2013,85,Horror
43879,1909393,tt11646170,movie,Slank Nggak Ada Matinya,,0,2013,96,"Comedy,Drama,Music"
43882,1909556,tt11646462,movie,Gori Prem Kare to Hacho Karje,,0,2013,\N,Drama
43883,1909590,tt11646526,movie,Shakti the Power,,0,2013,\N,Action
43920,1911492,tt1164982,movie,The Message,,0,2012,90,Thriller
44003,1915020,tt11655972,movie,Taman Lawang,,0,2013,83,"Comedy,Horror"
44201,1918633,tt11662378,movie,Lahoria,,0,2012,\N,Family
44230,1919499,tt11663928,movie,3 Cewek Petualang,,0,2013,83,Thriller
44231,1919522,tt11663976,movie,Kerasukan,,0,2013,83,Horror
44291,1923160,tt11670368,movie,Kosmische Puppen I,,0,2012,\N,Horror
44292,1923172,tt11670392,movie,Kosmische Puppen II,,0,2012,\N,Horror
44293,1923181,tt11670412,movie,Kosmische Puppen III,,0,2012,\N,Drama
44294,1923190,tt11670432,movie,Ekstasia,,0,2013,\N,Horror
44591,1935345,tt1169164,movie,Since I Don't Have You,,0,2013,102,Drama
44602,1935959,tt1169273,movie,The Love Section,,0,2013,100,"Comedy,Drama,Romance"
44665,1938612,tt11697440,movie,Naughty Cheerleaders 3,,1,2012,\N,Adult
44775,1942121,tt1170358,movie,The Hobbit: The Desolation of Smaug,2,0,2013,161,"Adventure,Fantasy"
44905,1947125,tt1171222,movie,Baggage Claim,,0,2013,96,"Comedy,Romance"
44962,1948305,tt11714298,movie,Leipaklei,,0,2013,75,Drama
45044,1952927,tt1172232,movie,Where Is Joel Baum?,,0,2012,\N,Drama
45109,1954918,tt1172587,movie,Delhi Safari,,0,2012,96,"Adventure,Animation,Comedy"
45348,1961947,tt11738130,movie,Liwanag sa Dapithapon,,0,2013,65,Drama
45355,1962167,tt11738520,movie,18++: Forever Love,,0,2012,\N,Drama
45878,1974417,tt11759852,movie,Hello Cô Ba,,0,2012,90,"Comedy,Drama,Fantasy"
45885,1974511,tt11760028,movie,Gapos,,0,2012,53,Drama
45908,1975215,tt11761264,movie,From Moscow or Not,,0,2012,90,Comedy
45974,1977632,tt11765472,movie,Ama namin,,0,2013,72,Drama
45976,1977762,tt11765704,movie,Tinig: The Dulce Story,,0,2013,86,Drama
46816,1993130,tt1179259,movie,Buddies,,0,2012,94,"Adventure,Comedy,Drama"
47321,2007959,tt1181840,movie,Jack and the Cuckoo-Clock Heart,,0,2013,94,"Adventure,Animation,Drama"
47517,2014243,tt11829326,movie,Manchester United vs Norwich City,,0,2013,90,Action
47731,2024764,tt11847448,movie,Aghor,,0,2012,140,\N
47857,2031025,tt1185832,movie,The Ones You Love,,0,2013,108,Drama
47858,2031060,tt1185838,movie,Easy Rider 2: The Ride Home,,0,2012,99,"Adventure,Drama"
47958,2037890,tt1187027,movie,"Jelena, Katarina, Marija",,0,2012,\N,Drama
48014,2040625,tt11875038,movie,Dream,,0,2012,126,Thriller
48177,2049251,tt11889980,movie,Sincere Allegiance,,0,2013,\N,Drama
48183,2049638,tt11890680,movie,Holly,,0,2013,105,Drama
48302,2056847,tt11903166,movie,My Wife's Friend's Wedding,,0,2012,\N,"Comedy,Family"
48374,2059981,tt11908594,movie,Gina Gerson: Amateur Porn Movie,,1,2013,13,Adult
48378,2060117,tt11908836,movie,The Jungle Book: The Movie,,0,2012,62,"Adventure,Animation,Family"
48634,2071430,tt11928374,movie,Eastern Melody,,0,2013,92,Drama
48696,2075989,tt1193629,movie,Moon Dust,,0,2013,90,"Comedy,Sci-Fi"
48826,2078947,tt11941418,movie,The Monkey King 3D: Uproar in Heaven,,0,2012,90,"Action,Adventure,Animation"
48828,2079138,tt1194173,movie,The Bourne Legacy,,0,2012,135,"Action,Adventure,Thriller"
48848,2081487,tt1194577,movie,The Door,,0,2012,97,Drama
48939,2086607,tt1195478,movie,The Five-Year Engagement,,0,2012,124,"Comedy,Romance"
48966,2088268,tt11957648,movie,Klaviersdelikte,,0,2013,152,"Comedy,Music"
48985,2090323,tt1196124,movie,Blood Shot,,0,2013,96,"Action,Comedy,Horror"
49017,2091561,tt1196337,movie,No Sanctuary,,0,2013,103,"Action,Fantasy"
49083,2095081,tt1196948,movie,Charlie Countryman,,0,2013,103,"Comedy,Drama,Romance"
49085,2095125,tt1196956,movie,One Chance,,0,2013,103,"Biography,Comedy,Drama"
49590,2111369,tt1199779,movie,Pup,,0,2013,81,"Adventure,Animation,Comedy"
49732,2114631,tt12003710,movie,Meghdhanusya - The Colour of Life,,0,2013,\N,Drama
49761,2114801,tt12004018,movie,Superstar Gang Bangs,,1,2012,127,Adult
49907,2121279,tt12015670,movie,Gece Yolculari,,0,2012,\N,\N
50080,2132187,tt12034646,movie,Itsi Bitsi,,0,2012,66,Drama
50096,2133350,tt12036782,movie,Ganje ki Kali,,0,2013,\N,Drama
50104,2134184,tt12038260,movie,Modern Family,,0,2012,125,Drama
50192,2137661,tt12044330,movie,Uranes,,0,2013,60,Sci-Fi
50204,2139981,tt12048360,movie,Murattu Kaalai,,0,2012,136,Drama
50237,2140782,tt1204975,movie,Last Vegas,,0,2013,105,"Comedy,Drama"
50254,2141900,tt12051698,movie,Chris Crooks: Crimes & Misdemeanours,,0,2013,45,Biography
50276,2143653,tt1205474,movie,Commander and Chief,,0,2012,\N,"Comedy,Sci-Fi"
50309,2143839,tt1205506,movie,Mamarosh,,0,2013,106,"Comedy,Drama"
50341,2146582,tt12059898,movie,The Ideal City,,0,2013,\N,Comedy
50429,2149753,tt1206543,movie,Out of the Furnace,,0,2013,116,"Action,Crime,Drama"
50541,2152838,tt12070876,movie,The Inevitable,,0,2012,\N,Thriller
50700,2162232,tt1208711,movie,The Misadventures of the Dunderheads,,0,2012,88,"Comedy,Crime"
50896,2174301,tt1210819,movie,The Lone Ranger,,0,2013,150,"Action,Adventure,Comedy"
50986,2177045,tt12112992,movie,Gina Gerson: Amateur Porn Movie 2,,1,2013,13,Adult
50988,2177811,tt12114288,movie,Yorinuki Gintama-san on Theater 2D - Shinsengumi Douran Hen,,0,2012,\N,"Action,Adventure,Comedy"
50989,2177942,tt12114508,movie,The Ladies of Gilbert & Sullivan,,0,2013,140,Musical
51068,2179747,tt12117720,movie,Bosy Cat,,0,2013,93,Comedy
51073,2180437,tt1211890,movie,Middle of Nowhere,,0,2012,97,Drama
51074,2180819,tt1211956,movie,Escape Plan,,0,2013,115,"Action,Thriller"
51081,2181392,tt1212055,movie,A+,,0,2013,51,Drama
51134,2183621,tt1212450,movie,Lawless,2,0,2012,116,"Crime,Drama"
51231,2187806,tt12131794,movie,Ti-Ti Nalle Vuodenajat 2,,0,2012,100,Family
51285,2190547,tt1213663,movie,The World's End,,0,2013,109,"Action,Comedy,Sci-Fi"
51380,2195769,tt12145886,movie,Lavu ka laath,,0,2012,\N,Comedy
51381,2195893,tt12146104,movie,Love Virtually,,0,2012,45,"Drama,Romance"
51382,2195898,tt12146112,movie,Every Seventh Wave,,0,2013,45,"Drama,Romance"
51399,2198251,tt12150292,movie,Retazos,,0,2012,\N,Drama
51447,2199905,tt12153262,movie,Cash Cow,,0,2013,45,Drama
51455,2199955,tt12153354,movie,Joint Enterprise,,0,2012,60,"Drama,Horror,Mystery"
51459,2200791,tt12154814,movie,Silencios Rotos,,0,2012,95,"Drama,History"
51487,2202231,tt12157336,movie,Arlo,,0,2013,45,Drama
51678,2210667,tt1217209,movie,Brave,,0,2012,93,"Adventure,Animation,Comedy"
51679,2210689,tt1217213,movie,Secret of the Wings,,0,2012,75,"Animation,Family,Fantasy"
51722,2212585,tt12175448,movie,A Portrait of Jane Austen,,0,2013,\N,Talk-Show
51724,2212811,tt12175856,movie,The Love Experience,,0,2013,96,Comedy
51731,2213199,tt12176544,movie,Man in the Moon,,0,2013,45,"Drama,Romance"
51732,2213220,tt12176600,movie,The Flea,,0,2013,45,Drama
52105,2222375,tt12192612,movie,Kyulyuk,,0,2013,75,"Horror,Mystery,Thriller"
52160,2225551,tt12198136,movie,Cobrador de la Mafia,,0,2013,\N,Drama
52205,2227873,tt1220224,movie,Dropping Evil,,0,2012,82,"Comedy,Drama,Horror"
52229,2230128,tt1220626,movie,Dust,,0,2012,120,"Drama,Horror,Sci-Fi"
52277,2232903,tt12211090,movie,Akalted Ghiri,,0,2012,\N,Drama
52352,2236174,tt12216776,movie,Imaginary Boys,,0,2013,45,"Fantasy,Romance,Sci-Fi"
52550,2245509,tt12233276,movie,Le Groom,,0,2012,\N,\N
52595,2249255,tt12239850,movie,Nightfall,,0,2012,\N,Drama
52599,2249694,tt12240640,movie,Dakota Picture,,0,2012,\N,Comedy
52679,2253341,tt12246908,movie,Oh! Squints II,,0,2013,\N,Drama
52789,2262271,tt1226240,movie,A Late Quartet,,0,2012,105,"Drama,Music"
52823,2266415,tt12269660,movie,Mauglí,,0,2013,113,Musical
52833,2266620,tt12270030,movie,Ya Topikhali Dadlay Kay?,,0,2013,\N,Comedy
52849,2268420,tt12273118,movie,Once Upon a Holiday,,0,2013,\N,Drama
52937,2269563,tt12275180,movie,You Can't Go Back,,0,2012,\N,Drama
52977,2271932,tt1227931,movie,Slightly Single in L.A.,,0,2013,88,"Comedy,Romance"
52992,2274543,tt12283858,movie,Shadows of Life,,0,2012,60,Drama
53075,2280052,tt1229340,movie,Anchorman 2: The Legend Continues,,0,2013,119,Comedy
53122,2282543,tt12297718,movie,Abhi Tou Main Jawan Houn,,0,2013,\N,"Comedy,Family"
53180,2285087,tt1230215,movie,Not Fade Away,,0,2012,112,Drama
53186,2285800,tt12303386,movie,Il signore del porno - Riccardo Schicchi,,0,2012,\N,\N
53291,2290067,tt12310770,movie,Buro Johnson,,0,2013,47,Drama
53334,2291726,tt12313694,movie,Mit O Szarym,,0,2012,\N,"Drama,History,War"
53371,2295067,tt12319530,movie,Bhootachi Shala,,0,2013,\N,Horror
53374,2295194,tt12319748,movie,Café amargo,,0,2012,90,Drama
53381,2296506,tt1232200,movie,That's My Boy,,0,2012,116,Comedy
53402,2300114,tt1232829,movie,21 Jump Street,1,0,2012,109,"Action,Comedy,Crime"
53610,2310956,tt1234719,movie,Red Dawn,,0,2012,93,"Action,Drama"
53614,2312120,tt1234926,movie,The Awakened,,0,2012,86,"Action,Horror,Sci-Fi"
53668,2315456,tt1235522,movie,Broken City,,0,2013,109,"Action,Crime,Drama"
53683,2316514,tt12357106,movie,Faute De Frappe,,0,2013,105,"Comedy,Crime,Drama"
53888,2320499,tt1236434,movie,Deseo,,0,2013,97,"Comedy,Drama,Romance"
54106,2330269,tt12381540,movie,Yorinuki Gintama-san on Theater 2D: Kabuki Chou Shitennou Hen,,0,2012,\N,"Action,Adventure,Comedy"
54108,2331025,tt1238284,movie,Clear Lake,,0,2012,85,"Drama,Romance"
54114,2332414,tt12385290,movie,Dil Pardesi Ho Gaya,,0,2013,\N,Drama
54165,2335304,tt12390344,movie,The Sorrows,,0,2013,82,"Drama,Thriller"
54203,2337210,tt1239374,movie,Mariachi Gringo,,0,2012,107,"Comedy,Romance"
54700,2345837,tt1240899,movie,Amazonia,,0,2013,83,"Adventure,Comedy,Family"
54736,2346844,tt12410880,movie,Letters to the Dead,,0,2012,58,Mystery
54970,2353118,tt12422132,movie,So Long Davey!: 6AM (In My Room),,0,2013,\N,Music
55001,2354846,tt12425198,movie,Amanti,,0,2012,120,Drama
55023,2355616,tt1242658,movie,Milo,,0,2012,94,Drama
55048,2355938,tt1242715,movie,The Waters: Phase One,,0,2012,\N,"Action,Sci-Fi,Thriller"
55064,2356352,tt1242786,movie,Silverthread,,0,2013,90,"Mystery,Thriller"
55065,2356438,tt12428022,movie,Fighting Family,,0,2012,85,"Comedy,Family"
55076,2357023,tt12429040,movie,Ons Dorp,,0,2012,\N,Comedy
55097,2359514,tt12433486,movie,El Juego Final,,0,2012,\N,Action
55167,2363181,tt12439964,movie,Mulher à Tarde,,0,2012,70,Drama
55244,2365436,tt12443972,movie,Last Summer for Boys,,0,2012,\N,Drama
55428,2370742,tt12453344,movie,Agent 07: Agent Framed,,0,2012,45,Action
55454,2371661,tt1245492,movie,This Is the End,,0,2013,107,Comedy
55680,2382088,tt12472980,movie,Görev,,0,2013,90,Action
55699,2382635,tt1247392,movie,In God We Trust,,0,2012,\N,"Action,Thriller"
55905,2389319,tt12485614,movie,Approach to Love,,0,2013,72,Drama
56340,2400978,tt12505884,movie,Silhouette,,0,2013,121,Crime
56471,2407228,tt12516654,movie,Nan guen he bian de nu ren,,0,2012,90,Drama
56588,2412110,tt12525202,movie,Wo yao hui jia,,0,2012,102,Drama
56747,2419831,tt1253851,movie,LAID: Life as It's Dealt,,0,2012,105,"Drama,Romance"
56892,2422944,tt12543916,movie,Tsikboy,,0,2013,76,Drama
56914,2424644,tt12546926,movie,Deceduti Wara L-Ahhar Tad-Dinja,,0,2012,134,Comedy
56983,2427634,tt12552080,movie,Isyarat,,0,2013,80,Drama
57135,2434731,tt12564502,movie,O'Brien's Extremely Pale Ale,,0,2013,165,Talk-Show
57316,2438624,tt12571322,movie,For Emma,,0,2013,30,Drama
57559,2445563,tt12583438,movie,Qvid Tvm,,0,2012,85,\N
57689,2449198,tt1258972,movie,The Man with the Iron Fists,,0,2012,95,Action
57693,2449314,tt12589960,movie,Aandhi Toofan,,0,2012,158,"Action,Drama"
57958,2458276,tt12605526,movie,Jive with Deepti,,0,2012,\N,Biography
57959,2458341,tt1260563,movie,Bridge of Names,,0,2012,95,Drama
57986,2459108,tt1260695,movie,The Vessel,,0,2012,83,Horror
58082,2462034,tt12611984,movie,Khuni Dangal,,0,2012,160,"Action,Romance"
58149,2466310,tt12619402,movie,Bab sharki,,0,2013,77,Drama
58151,2466473,tt1261968,movie,Watching TV with the Red Chinese,,0,2012,105,"Comedy,Drama"
58160,2468102,tt12622456,movie,The Invisible Enemy: Black Fox AudioBook,,0,2012,\N,"Action,Mystery,Thriller"
58283,2472252,tt1262962,movie,A Star for Rose,,0,2013,100,Drama
58303,2472408,tt1262990,movie,Paradise,,0,2013,86,"Comedy,Drama"
58306,2473392,tt12631600,movie,Eveliez,,0,2012,\N,Horror
58486,2477273,tt12638318,movie,"Men are from Mars, Women are from Venus, Gmork is from Uranus",,0,2012,\N,Sci-Fi
58642,2484095,tt12650062,movie,Celtic vs Barcelona,,0,2013,\N,Action
58763,2487542,tt1265598,movie,In the Gray,,0,2012,122,"Crime,Drama"
58778,2487598,tt12656084,movie,Arsenal vs Napoli,,0,2013,\N,Action
58904,2496260,tt12671068,movie,Jataayu,,0,2013,\N,Action
58906,2496620,tt12671694,movie,Snowman Never Sleeps,,0,2013,107,Mystery
58964,2499798,tt12677282,movie,Ranangan,,0,2013,\N,"Action,Drama"
58995,2502416,tt12681806,movie,Parazect: Forthcoming,,0,2013,85,Action
59114,2510431,tt12695700,movie,Housefull,,0,2012,\N,Thriller
59290,2515525,tt12704560,movie,Welcome Obama,,0,2013,\N,Drama
59580,2526626,tt12723908,movie,Musiko,,0,2012,\N,Musical
59596,2527013,tt12724604,movie,Maa Voori Maharshi,,0,2012,145,Crime
59627,2529423,tt1272878,movie,2 Guns,,0,2013,109,"Action,Comedy,Thriller"
59628,2529469,tt1272886,movie,Small Apartments,,0,2012,96,"Comedy,Crime,Drama"
59630,2529576,tt12729064,movie,Nightmare,,0,2013,90,"Horror,Romance"
59730,2531042,tt12731590,movie,Ascension 2,,0,2012,90,Action
59740,2531732,tt12732826,movie,Linz - Quando todos os acidentes acontecem,,0,2013,82,Drama
59869,2536325,tt12740726,movie,Mobius,,0,2012,\N,Thriller
59890,2539316,tt1274596,movie,USS Seaviper,,0,2012,102,"Action,Drama,War"
59900,2540291,tt12747740,movie,The Life Kung-Fu,,0,2012,\N,Action
59910,2540636,tt12748344,movie,Dirty Picture: Silk Sakkath Maga,,0,2013,135,"Biography,Drama"
60099,2547885,tt1276104,movie,Looper,,0,2012,113,"Action,Drama,Sci-Fi"
60241,2549689,tt1276419,movie,A Royal Affair,,0,2012,137,"Biography,Drama,History"
60348,2552147,tt1276949,movie,Dixie Times,,0,2012,98,"Comedy,Drama"
60351,2552580,tt1277403,movie,Supernatural Swamp Slaughter,,0,2012,\N,"Action,Horror,Thriller"
60352,2553111,tt1277953,movie,Madagascar 3: Europe's Most Wanted,,0,2012,95,"Adventure,Animation,Comedy"
60354,2553226,tt1278073,movie,Heterosexual Jill,,0,2013,80,Comedy
60356,2555745,tt1280725,movie,Wedding Palace,,0,2013,98,"Comedy,Romance"
60357,2558797,tt1283935,movie,"Post Mortem, America 2021",,0,2013,99,"Action,Adventure,Horror"
60358,2558888,tt1284030,movie,Nowhere Fast,,0,2013,\N,"Comedy,Musical"
60359,2561492,tt1286766,movie,Fatso!,,0,2012,98,"Comedy,Fantasy,Romance"
60360,2563153,tt1288558,movie,Evil Dead,,0,2013,91,"Fantasy,Horror,Thriller"
60361,2563241,tt1288650,movie,Kaleidoscope,,0,2012,83,"Comedy,Drama"
60363,2566033,tt1291580,movie,Behind The Candelabra,,0,2013,118,"Biography,Drama,Music"
60366,2569093,tt1294794,movie,Roulette,,0,2012,113,"Drama,Thriller"
60367,2570411,tt1296162,movie,Leelai,,0,2012,145,"Comedy,Romance"
60368,2570421,tt1296172,movie,The Legends of Nethiah,,0,2012,93,"Action,Adventure,Drama"
60369,2571106,tt1296881,movie,Overnight,,0,2012,95,"Comedy,Romance"
60370,2571110,tt1296885,movie,Absolute Fear,,0,2012,91,Thriller
60371,2572676,tt1298530,movie,Animals,,0,2012,94,"Drama,Fantasy"
60372,2572785,tt1298649,movie,The Watch,,0,2012,102,"Comedy,Sci-Fi"
60375,2574922,tt1300854,movie,Iron Man 3,1,0,2013,130,"Action,Adventure,Sci-Fi"
60376,2575358,tt1301308,movie,Mixed Kebab,,0,2012,98,"Drama,Romance"
60378,2576187,tt1302181,movie,Graffeuse,,0,2013,20,Drama
60380,2580869,tt1307068,movie,Seeking a Friend for the End of the World,,0,2012,101,"Adventure,Comedy,Drama"
60381,2581225,tt1307442,movie,Blue Dream,,0,2013,90,Drama
60382,2582452,tt1308729,movie,Bullet to the Head,,0,2012,92,"Action,Crime,Thriller"
60383,2582465,tt1308747,movie,Apples and Oranges,,0,2012,\N,Comedy
60385,2583044,tt1309374,movie,House of Dust,,0,2013,90,"Horror,Thriller"
60386,2584289,tt1310653,movie,Man from Shaolin,,0,2012,87,"Action,Drama"
60387,2584664,tt1311060,movie,A.C.O.D.,,0,2013,88,Comedy
60388,2584666,tt1311062,movie,Blooming Flowers,,0,2013,109,"Action,Adventure,Drama"
60389,2584673,tt1311071,movie,Kill Your Darlings,,0,2013,104,"Biography,Drama,Romance"
60391,2589288,tt1315924,movie,Reencarnación: Una historia de amor,,0,2012,\N,"Crime,Fantasy"
60392,2589389,tt1316033,movie,Becoming Blond,,0,2012,78,Comedy
60393,2592899,tt1319709,movie,The Diary of Preston Plummer,,0,2012,82,Drama
60395,2594598,tt1321511,movie,Oldboy,,0,2013,104,"Action,Drama,Mystery"
60396,2594929,tt1321862,movie,Dino Time,,0,2012,86,"Adventure,Animation,Comedy"
60397,2594933,tt1321870,movie,Gangster Squad,,0,2013,113,"Action,Crime,Drama"
60398,2595316,tt1322269,movie,August: Osage County,,0,2013,121,"Comedy,Drama"
60399,2595391,tt1322353,movie,Plato's Symposium,,0,2013,95,Drama
60401,2596058,tt1323044,movie,Freeloaders,,0,2012,77,Comedy
60402,2596521,tt1323529,movie,Nightmare Fuel,,0,2012,78,"Horror,Music,Sci-Fi"
60403,2596911,tt1323973,movie,The Trials of Cate McCall,,0,2013,89,"Crime,Drama"
60404,2598587,tt1325717,movie,Boogie Town,,0,2012,101,"Action,Drama,Music"
60405,2599048,tt1326201,movie,Complacent,,0,2012,104,Drama
60407,2599657,tt1326868,movie,The Story of Your Life,,0,2013,93,"Drama,Romance,Thriller"
60408,2599956,tt1327182,movie,Fuzz Track City,,0,2012,90,Mystery
60409,2599966,tt1327194,movie,The Lucky One,,0,2012,101,"Drama,Mystery,Romance"
60410,2599968,tt1327196,movie,1 Nighter,,0,2012,90,"Adventure,Comedy,Music"
60411,2600334,tt1327602,movie,Two Days in February,,0,2012,\N,"Drama,Romance"
60412,2600438,tt1327720,movie,Fedz,,0,2013,89,Thriller
60413,2600478,tt1327773,movie,Lee Daniels' The Butler,,0,2013,132,"Biography,Drama"
60414,2601831,tt1329177,movie,K-11,,0,2012,88,Drama
60415,2601886,tt1329232,movie,St George's Day,,0,2012,109,"Action,Crime,Thriller"
60417,2602039,tt1329404,movie,The Mine,,0,2012,95,"Adventure,Horror,Mystery"
60420,2603182,tt1330613,movie,Poker Night,,0,2013,83,"Comedy,Crime"
60423,2603807,tt1331294,movie,The Apostle,,0,2012,80,"Animation,Horror"
60424,2605591,tt1333125,movie,Movie 43,,0,2013,94,Comedy
60427,2608280,tt1335975,movie,47 Ronin,,0,2013,128,"Action,Drama,Fantasy"
60429,2608870,tt1336608,movie,Rock of Ages,,0,2012,123,"Comedy,Drama,Musical"
60431,2609750,tt1337525,movie,Limen [Omission],,0,2012,94,"Crime,Drama,Mystery"
60434,2612954,tt1340803,movie,Cheech & Chong's Animated Movie,,0,2013,83,"Animation,Comedy"
60435,2613833,tt1341718,movie,Fairhaven,,0,2012,81,"Comedy,Drama"
60438,2614907,tt1342848,movie,Dark Journey,,0,2012,83,"Fantasy,Horror,Thriller"
60439,2615146,tt1343092,movie,The Great Gatsby,,0,2013,143,"Drama,Romance"
60440,2615156,tt1343103,movie,Raptor Ranch,,0,2013,90,"Action,Adventure,Comedy"
60441,2615421,tt1343387,movie,Cleaver's Destiny,,0,2013,92,Drama
60442,2615719,tt1343727,movie,Dredd,,0,2012,95,"Action,Crime,Sci-Fi"
60446,2617776,tt1345836,movie,The Dark Knight Rises,1,0,2012,164,"Action,Adventure"
60447,2617843,tt1345904,movie,Kung Fu and Titties,,0,2013,92,"Comedy,Fantasy"
60448,2618730,tt1346849,movie,A Few Brains More,,0,2012,\N,Horror
60449,2619393,tt1347524,movie,The Joe Manifesto,,0,2013,100,"Drama,Romance"
60450,2621304,tt1349485,movie,The Knife of Don Juan,,0,2013,99,"Comedy,Drama"
60451,2623380,tt1351685,movie,Jack the Giant Slayer,,0,2013,114,"Adventure,Fantasy"
60452,2624396,tt1352753,movie,A Night at the Silent Movie Theater,,0,2012,\N,Comedy
60455,2627866,tt1356409,movie,When Strangers Meet,,0,2013,120,Drama
60456,2627869,tt1356415,movie,Zombiefied,,0,2012,100,Horror
60458,2628374,tt1356939,movie,Betty I Am,,0,2012,93,Comedy
60460,2633372,tt1362058,movie,Cockneys vs Zombies,,0,2012,88,"Action,Comedy,Horror"
60461,2637496,tt1366365,movie,The Cold Light of Day,,0,2012,93,"Action,Adventure,Thriller"
60462,2638354,tt1367236,movie,Mold!,,0,2012,86,"Horror,Sci-Fi"
60464,2639528,tt1368440,movie,Branded,,0,2012,106,"Drama,Fantasy,Sci-Fi"
60465,2639919,tt1368858,movie,The Forger,,0,2012,94,Drama
60466,2639928,tt1368870,movie,Ticket Out,,0,2012,90,"Action,Crime,Drama"
60467,2640737,tt1369696,movie,Skyler,,0,2012,83,"Crime,Drama,Romance"
60468,2641317,tt1370312,movie,W.M.D.,,0,2013,81,"Action,Thriller,War"
60470,2642092,tt1371111,movie,Cloud Atlas,,0,2012,172,"Action,Drama,Mystery"
60471,2644368,tt1373462,movie,Raltat,,0,2013,90,Drama
60472,2645881,tt1374992,movie,Upside Down,,0,2012,109,"Drama,Fantasy,Romance"
60473,2646598,tt1375789,movie,Race 2,,0,2013,150,"Action,Crime,Thriller"
60474,2646967,tt1376168,movie,Comedown,,0,2012,90,Horror
60475,2647003,tt1376205,movie,Jimmy,,0,2013,95,"Drama,Family,Fantasy"
60476,2647011,tt1376213,movie,The Adventurer: The Curse of the Midas Box,,0,2013,100,"Adventure,Family,Fantasy"
60477,2647448,tt1376713,movie,Love Eternal,,0,2013,94,"Drama,Mystery"
60482,2652037,tt1381404,movie,The Company You Keep,,0,2012,125,"Drama,Thriller"
60484,2654287,tt1383708,movie,Miss Communication,,0,2012,\N,Comedy
60486,2656110,tt1385591,movie,Magic Boys,,0,2012,90,"Adventure,Comedy,Drama"
60488,2657171,tt1386703,movie,Total Recall,,0,2012,118,"Action,Adventure,Sci-Fi"
60490,2659495,tt1389096,movie,Stand Up Guys,,0,2012,95,"Comedy,Crime,Thriller"
60492,2660748,tt1390398,movie,"Bless Me, Ultima",,0,2012,106,"Biography,Drama,History"
60493,2660880,tt1390539,movie,The Lost Medallion: The Adventures of Billy Stone,,0,2013,97,"Adventure,Family,Fantasy"
60494,2662476,tt1392170,movie,The Hunger Games,1,0,2012,142,"Action,Adventure,Sci-Fi"
60495,2662519,tt1392214,movie,Prisoners,,0,2013,153,"Crime,Drama,Mystery"
60496,2665213,tt1395025,movie,Agent Vinod,,0,2012,157,"Action,Adventure,Thriller"
60498,2666395,tt1396226,movie,Twice Born,,0,2012,127,"Drama,Romance,War"
60499,2667435,tt1397280,movie,Taken 2,1,0,2012,92,"Action,Adventure,Thriller"
60500,2667663,tt1397514,movie,Journey 2: The Mysterious Island,,0,2012,94,"Action,Adventure,Comedy"
60501,2669083,tt1398991,movie,Thursday Till Sunday,,0,2012,96,Drama
60510,2673177,tt1403214,movie,Paradise: Love,,0,2012,120,Drama
60511,2675184,tt1405365,movie,Celeste & Jesse Forever,,0,2012,92,"Comedy,Drama,Romance"
60513,2677806,tt1408061,movie,Orion,,0,2013,92,Drama
60514,2677844,tt1408101,movie,Star Trek Into Darkness,1,0,2013,132,"Action,Adventure,Sci-Fi"
60515,2678726,tt1409024,movie,Men in Black 3,,0,2012,106,"Action,Adventure,Comedy"
60516,2679484,tt1409798,movie,Exit to Hell,,0,2013,81,"Action,Horror,Thriller"
60518,2680891,tt1411250,movie,Riddick,,0,2013,119,"Action,Adventure,Sci-Fi"
60521,2682107,tt1412505,movie,Recon: A Filmmaker's Quest,,0,2012,110,Adventure
60523,2683055,tt1413495,movie,Paranoia,,0,2013,106,"Drama,Thriller"
60524,2683938,tt1414404,movie,To Be King,,0,2012,125,"Adventure,Family"
60525,2683982,tt1414449,movie,Awful Nice,,0,2013,92,Comedy
60526,2687753,tt1418380,movie,The Domino Effect,,0,2012,100,Drama
60527,2688075,tt1418712,movie,Outpost: Black Sun,,0,2012,101,"Action,Horror,Sci-Fi"
60528,2688116,tt1418757,movie,The Secret Lives of Dorks,,0,2013,91,Comedy
60529,2688279,tt1418927,movie,Smoke Screen,,0,2012,90,Drama
60531,2690359,tt1421053,movie,The Search for Kennyboy,,0,2012,107,Comedy
60534,2692834,tt1423636,movie,Torn,,0,2013,80,Drama
60535,2693455,tt1424310,movie,Chinese Zodiac,,0,2012,109,"Action,Adventure,Comedy"
60536,2695052,tt1425922,movie,Black Nativity,,0,2013,93,"Drama,Family,Music"
60537,2695441,tt1426329,movie,Lovelace,,0,2013,93,"Biography,Drama"
60538,2695468,tt1426363,movie,Hair Brained,,0,2013,97,"Comedy,Drama,Fantasy"
60539,2696306,tt1427220,movie,Heart Land,,0,2012,90,"Comedy,Romance"
60540,2696382,tt1427298,movie,The Human Race,,0,2013,87,"Action,Horror,Sci-Fi"
60541,2696937,tt1427888,movie,Inertia,,0,2012,\N,Drama
60542,2696972,tt1427924,movie,One Story,,0,2013,85,Drama
60543,2697547,tt1428538,movie,Hansel & Gretel: Witch Hunters,,0,2013,88,"Action,Fantasy,Horror"
60545,2699040,tt1430077,movie,Dark Feed,,0,2013,86,Horror
60546,2699087,tt1430132,movie,The Wolverine,,0,2013,126,"Action,Adventure,Sci-Fi"
60547,2699559,tt1430615,movie,Big Miracle,,0,2012,107,"Biography,Drama,Family"
60548,2699563,tt1430620,movie,Kiss the Abyss,,0,2012,88,Horror
60550,2699568,tt1430626,movie,The Pirates! Band of Misfits,,0,2012,88,"Adventure,Animation,Comedy"
60551,2699736,tt1430811,movie,Deadline,,0,2012,95,"Drama,Mystery,Thriller"
60552,2702052,tt1433183,movie,Sleeper,,0,2012,86,"Action,Horror"
60554,2702207,tt1433343,movie,The Eves,,0,2012,85,Thriller
60555,2702666,tt1433811,movie,Disconnect,,0,2012,115,"Drama,Thriller"
60557,2702677,tt1433822,movie,The Apparition,,0,2012,83,"Horror,Thriller"
60558,2704806,tt1435990,movie,Cinderella 3D,,0,2012,81,"Animation,Family,Fantasy"
60559,2706909,tt1438173,movie,Bait,,0,2012,93,"Action,Adventure,Drama"
60560,2708215,tt1439558,movie,Max Rose,,0,2013,83,Drama
60561,2708750,tt1440118,movie,I Am Nasrine,,0,2012,93,Drama
60562,2708761,tt1440129,movie,Battleship,,0,2012,131,"Action,Adventure,Sci-Fi"
60563,2709345,tt1440732,movie,Bel Ami,,0,2012,102,"Crime,Drama,History"
60564,2709355,tt1440746,movie,Inventing Adam,,0,2013,90,Comedy
60565,2709673,tt1441083,movie,The Zigzag Kid,,0,2012,95,"Adventure,Drama,Family"
60566,2709978,tt1441395,movie,Under the Skin,,0,2013,108,"Drama,Horror,Sci-Fi"
60567,2710511,tt1441940,movie,Broken,,0,2012,91,"Drama,Romance"
60568,2710518,tt1441951,movie,Quartet,,0,2012,98,"Comedy,Drama"
60570,2714644,tt1446192,movie,Rise of the Guardians,,0,2012,97,"Action,Adventure,Animation"
60571,2715155,tt1446714,movie,Prometheus,,0,2012,124,"Adventure,Mystery,Sci-Fi"
60574,2718671,tt1450318,movie,Claire,,0,2013,100,"Drama,Mystery,Thriller"
60575,2718674,tt1450321,movie,Filth,,0,2013,97,"Comedy,Crime,Drama"
60576,2718682,tt1450331,movie,Signals 2,,0,2013,107,"Action,Sci-Fi,Thriller"
60579,2721711,tt1453405,movie,Monsters University,,0,2013,104,"Adventure,Animation,Comedy"
60580,2722749,tt1454468,movie,Gravity,,0,2013,91,"Drama,Sci-Fi,Thriller"
60583,2724056,tt1455806,movie,File Box,,0,2013,88,"Horror,Mystery,Thriller"
60584,2724299,tt1456059,movie,6 Foot Rule,,0,2012,111,"Drama,Thriller,War"
60586,2724890,tt1456660,movie,No Man's Land,,0,2013,118,"Adventure,Crime,Drama"
60587,2725909,tt1457764,movie,Salvation U.S.A.,,0,2013,96,"Crime,Drama"
60588,2725910,tt1457765,movie,The Haunting in Connecticut 2: Ghosts of Georgia,,0,2013,101,"Drama,Horror,Mystery"
60589,2725912,tt1457767,movie,The Conjuring,,0,2013,112,"Horror,Mystery,Thriller"
60590,2726537,tt1458408,movie,Behind the Scenes of Total Hell: The Jamie Gunn Chronicles,,0,2013,97,Comedy
60591,2726587,tt1458459,movie,Headcase,,0,2013,88,"Action,Adventure,Comedy"
60593,2728711,tt1460632,movie,Getting Back to Zero,,0,2013,97,"Comedy,Drama"
60594,2728719,tt1460641,movie,Pawn Shop,,0,2012,104,Comedy
60596,2730433,tt1462411,movie,Big Sur,,0,2013,81,"Drama,Romance"
60599,2730766,tt1462757,movie,The Ghostmaker,,0,2012,91,"Fantasy,Horror,Sci-Fi"
60600,2730778,tt1462769,movie,The Odd Life of Timothy Green,,0,2012,105,"Comedy,Drama,Family"
60601,2730897,tt1462900,movie,The Grandmaster,,0,2013,130,"Action,Biography,Drama"
60602,2730898,tt1462901,movie,All Is Bright,,0,2013,107,"Comedy,Drama"
60603,2732157,tt1464191,movie,Decoding Annie Parker,,0,2013,91,Drama
60604,2732310,tt1464346,movie,A Voice in the Dark,,0,2013,90,Drama
60605,2732497,tt1464539,movie,House of Last Things,,0,2013,110,"Fantasy,Horror,Thriller"
60608,2733470,tt1465533,movie,Columbus Circle,,0,2012,82,"Crime,Drama,Mystery"
60609,2733777,tt1465847,movie,Mig älskar ingen,,0,2012,90,Drama
60610,2733781,tt1465851,movie,Photographic,,0,2012,81,Horror
60614,2735193,tt1467328,movie,Freedom,,0,2012,100,"Crime,Drama,Thriller"
60615,2736187,tt1468375,movie,The Humdrummer,,0,2013,94,Drama
60616,2736519,tt1468736,movie,Stitch in Time,,0,2012,97,"Crime,Drama"
60617,2736530,tt1468748,movie,The Other Men in Black,,0,2013,\N,History
60618,2737758,tt1470022,movie,Elfie Hopkins: Cannibal Hunter,,0,2012,89,"Horror,Thriller"
60621,2740116,tt1472454,movie,Tooth for a Tooth,,0,2012,\N,"Action,Comedy,Crime"
60622,2740122,tt1472464,movie,A Lady in Paris,,0,2012,94,Drama
60623,2740231,tt1472583,movie,Last Call,,0,2012,85,Comedy
60629,2744596,tt1477185,movie,7E,,0,2013,80,"Drama,Thriller"
60631,2745106,tt1477704,movie,Dorm of the Dead,,0,2012,86,"Action,Comedy,Horror"
60632,2745249,tt1477855,movie,Hyde Park on Hudson,,0,2012,94,"Biography,Comedy,Drama"
60633,2745838,tt1478478,movie,Zombie Ed,,0,2013,104,"Comedy,Horror"
60636,2747583,tt1480295,movie,Killing Season,,0,2013,91,"Action,Drama,Thriller"
60638,2747912,tt1480656,movie,Cosmopolis,,0,2012,109,"Crime,Drama,Fantasy"
60639,2747914,tt1480658,movie,Eddie: The Sleepwalking Cannibal,,0,2012,90,"Comedy,Horror"
60640,2747926,tt1480670,movie,Samuel Bleak,,0,2013,96,"Drama,Thriller"
60641,2749339,tt1482106,movie,Finding John Smith,,0,2012,90,"Drama,Family"
60642,2749688,tt1482459,movie,The Lorax,,0,2012,86,"Adventure,Animation,Comedy"
60643,2750041,tt1482828,movie,Fallen Skyes,,0,2012,105,"Drama,Fantasy,Romance"
60645,2750213,tt1483013,movie,Oblivion,,0,2013,124,"Action,Adventure,Sci-Fi"
60646,2750219,tt1483019,movie,Slave,,0,2012,110,"Crime,Thriller"
60647,2750511,tt1483324,movie,At Middleton,,0,2013,99,"Comedy,Romance"
60649,2751668,tt1484521,movie,30 Beats,,0,2012,88,"Comedy,Romance"
60650,2752185,tt1485055,movie,Queen City,,0,2013,106,"Drama,Musical"
60652,2752863,tt1485749,movie,Mr. Pip,,0,2012,116,"Drama,War"
60653,2752875,tt1485761,movie,"No God, No Master",,0,2013,94,"Crime,Drama,History"
60654,2752907,tt1485794,movie,The Bible in Vision,,0,2012,\N,History
60655,2753277,tt1486192,movie,The Raven,,0,2012,110,"Crime,Mystery,Thriller"
60659,2753762,tt1486704,movie,The Green Conspiracy,,0,2013,96,"Action,Crime,Drama"
60660,2753880,tt1486834,movie,What If,,0,2013,98,"Comedy,Romance"
60662,2754298,tt1487279,movie,Through Darkness,,0,2012,85,"Action,Crime,Drama"
60663,2754932,tt1487931,movie,Khumba,,0,2013,85,"Adventure,Animation,Family"
60664,2755058,tt1488065,movie,Roulette City,,0,2012,76,"Drama,Thriller"
60666,2755172,tt1488181,movie,Adventures in Zambezia,,0,2012,83,"Adventure,Animation,Comedy"
60667,2756895,tt1489958,movie,The Fugue,,0,2012,71,"Horror,Thriller"
60668,2757926,tt1491044,movie,The Iceman,,0,2012,106,"Biography,Crime,Drama"
60669,2759679,tt1492841,movie,Foreign Letters,,0,2012,99,"Comedy,Drama"
60670,2759680,tt1492842,movie,Forgetting the Girl,,0,2012,85,"Drama,Thriller"
60671,2759687,tt1492849,movie,Garbage,,0,2012,88,"Comedy,Drama"
60672,2759988,tt1493157,movie,Nature Calls,,0,2012,79,Comedy
60673,2760626,tt1493817,movie,Made in Denmark: The Movie,,0,2012,\N,Drama
60674,2760662,tt1493858,movie,The Harsh Light of Day,,0,2012,79,Horror
60678,2762523,tt1495776,movie,Germ,,0,2013,80,"Action,Drama,Horror"
60680,2762643,tt1495900,movie,Our Last Supper,,0,2012,85,"Action,Comedy,Drama"
60681,2762737,tt1495997,movie,The Romance of Loneliness,,0,2012,63,"Music,Romance"
60682,2762765,tt1496025,movie,Underworld Awakening,,0,2012,88,"Action,Fantasy,Horror"
60683,2763143,tt1496422,movie,The Paperboy,,0,2012,107,"Crime,Drama,Mystery"
60684,2764551,tt1497876,movie,House Arrest,,0,2012,103,"Comedy,Drama"
60687,2766693,tt1500117,movie,The Evolution of Andrew Andrews,,0,2012,82,Comedy
60688,2766726,tt1500152,movie,Charlie,,0,2012,76,"Crime,Drama"
60689,2768917,tt1502417,movie,Assassins Run,,0,2013,88,"Action,Crime,Thriller"
60694,2770920,tt1504489,movie,Somebody's Hero,,0,2012,81,"Comedy,Family,Romance"
60695,2771103,tt1504685,movie,Mercury in Retrograde/The Mercury Chronicles,,0,2012,89,"Action,Adventure,Crime"
60697,2771519,tt1505109,movie,Zettl,,0,2012,109,Comedy
60700,2772830,tt1506459,movie,Gut,,0,2012,91,"Drama,Horror,Thriller"
60701,2773349,tt1506994,movie,Woman from the East,,0,2013,120,"Drama,Family"
60702,2773352,tt1506998,movie,Highland Park,,0,2013,83,"Comedy,Drama"
60703,2773585,tt1507256,movie,Billy Bates,,0,2013,80,Drama
60705,2773706,tt1507378,movie,Two Shadows,,0,2012,94,Drama
60706,2773886,tt1507563,movie,Dark Tide,,0,2012,94,"Action,Adventure,Drama"
60708,2774942,tt1508654,movie,Hollywood Seagull,,0,2013,95,Drama
60709,2774975,tt1508689,movie,Telephone World,,0,2013,88,"Drama,Mystery,Thriller"
60712,2776025,tt1509788,movie,Ass Backwards,,0,2013,85,"Adventure,Comedy"
60713,2776886,tt1510686,movie,Breaking the Girls,,0,2012,83,"Crime,Thriller"
60714,2777113,tt1510919,movie,Un amor de película,,0,2012,98,"Comedy,Drama,Romance"
60715,2777130,tt1510936,movie,The Deposition,,0,2012,80,"Crime,Drama,Mystery"
60716,2777173,tt1510982,movie,The Nephilim,,0,2013,100,"Action,Fantasy,Horror"
60717,2777174,tt1510983,movie,Heathens and Thieves,,0,2012,109,"Mystery,Thriller,Western"
60718,2777179,tt1510988,movie,A Beer Tale,,0,2012,76,Comedy
60719,2777180,tt1510989,movie,Paranormal Abduction,,0,2012,83,Thriller
60720,2777181,tt1510990,movie,Thomas & the Trainmaster,,0,2013,95,Family
60721,2778368,tt1512214,movie,Lost in the Crack,,0,2012,137,"Crime,Drama"
60722,2778823,tt1512686,movie,Phase Two,,0,2013,102,Thriller
60727,2780129,tt1514044,movie,Aleta: Vampire Mistress,,0,2012,89,"Action,Fantasy,Horror"
60728,2780131,tt1514046,movie,Hope,,0,2012,80,"Adventure,Drama"
60729,2781231,tt1515208,movie,Walking With The Enemy,,0,2013,124,"Action,Drama,History"
60731,2782151,tt1516146,movie,Good Satan,,0,2012,81,Comedy
60733,2783213,tt1517236,movie,Rain from Stars,,0,2013,91,"Crime,Thriller"
60734,2783225,tt1517249,movie,Sunlight Jr.,,0,2013,90,Drama
60735,2783236,tt1517260,movie,The Host,,0,2013,125,"Action,Adventure,Drama"
60736,2783642,tt1517685,movie,Document,,0,2012,75,Drama
60740,2784699,tt1518818,movie,Public Hearing,,0,2012,109,\N
60741,2785476,tt1519618,movie,I Think I Do,,0,2013,90,Comedy
60743,2786238,tt1520414,movie,The Fall of 1980,,0,2013,90,Drama
60745,2786315,tt1520498,movie,The Oogieloves in the Big Balloon Adventure,,0,2012,88,"Adventure,Family,Fantasy"
60746,2787036,tt1521242,movie,Tortoise in Love,,0,2012,84,Comedy
60748,2787470,tt1521684,movie,Backroad,,0,2012,80,"Drama,Horror,Thriller"
60749,2787540,tt1521758,movie,Determinism,,0,2012,80,"Crime,Drama"
60750,2787986,tt1522229,movie,Only in L.A.,,0,2013,\N,"Comedy,Crime,Drama"
60751,2788558,tt1522812,movie,Art = (Love)²,,0,2012,91,Mystery
60752,2789783,tt1524083,movie,A True Story,,0,2013,96,Comedy
60753,2789823,tt1524123,movie,Delusions of Grandeur,,0,2012,95,Drama
60754,2789836,tt1524137,movie,Contraband,,0,2012,109,"Action,Crime,Drama"
60755,2789863,tt1524164,movie,Cherries and Clover,,0,2013,81,"Comedy,Drama,Romance"
60756,2791000,tt1525366,movie,Grabbers,,0,2012,94,"Action,Adventure,Comedy"
60759,2791450,tt1525826,movie,Det grå guld,,0,2013,\N,"Action,Comedy,Drama"
60760,2792642,tt1527052,movie,Aglaya,,0,2012,116,"Biography,Drama"
60762,2793294,tt1527723,movie,Rocco vs Cleopatra,,0,2013,85,"Adventure,Comedy,Drama"
60763,2793373,tt1527804,movie,Who the F Is Buddy Applebaum,,0,2013,90,Comedy
60765,2793389,tt1527821,movie,Heart String Marionette,,0,2012,122,"Action,Animation"
60766,2793632,tt1528071,movie,Horns,,0,2013,120,"Comedy,Crime,Drama"
60767,2793782,tt1528226,movie,Goodbye Promise,,0,2012,\N,Drama
60769,2794320,tt1528784,movie,Melvin Smarty,,0,2012,95,Comedy
60770,2795139,tt1529635,movie,Crew 2 Crew,,0,2012,95,"Drama,Music"
60773,2796464,tt1530992,movie,Ridi Pagliaccio,,0,2012,93,"Drama,Sci-Fi"
60777,2797339,tt1531901,movie,Byzantium,,0,2012,118,"Drama,Fantasy,Horror"
60778,2797349,tt1531914,movie,Smitty,,0,2012,94,"Drama,Family"
60779,2797358,tt1531924,movie,The Disappearance of Eleanor Rigby: Him,,0,2013,89,"Drama,Romance"
60781,2797952,tt1532538,movie,Line of Duty,,0,2013,100,"Action,Crime,Thriller"
60783,2798362,tt1532958,movie,Battle of the Year,,0,2013,110,"Drama,Music"
60785,2798489,tt1533087,movie,Soda Springs,,0,2012,115,Drama
60787,2799336,tt1534000,movie,Cha Cha for Twins,,0,2012,109,"Comedy,Drama,Romance"
60789,2799659,tt1534338,movie,The Gambler Who Wouldn't Die,,0,2013,90,"Crime,Thriller"
60790,2799768,tt1534449,movie,Kung Fu Hero,,0,2012,\N,Action
60792,2800315,tt1535029,movie,Vorrei vederti ballare,,0,2012,\N,Comedy
60793,2800390,tt1535108,movie,Elysium,,0,2013,109,"Action,Drama,Sci-Fi"
60794,2800391,tt1535109,movie,Captain Phillips,,0,2013,134,"Biography,Crime,Drama"
60796,2800700,tt1535432,movie,Crave,,0,2012,113,"Drama,Thriller"
60797,2800706,tt1535438,movie,Hope Springs,,0,2012,100,"Comedy,Drama,Romance"
60800,2801291,tt1536051,movie,Five Thirteen,,0,2013,110,Drama
60801,2801352,tt1536112,movie,Lac du Flambeau,,0,2012,\N,Drama
60802,2801629,tt1536408,movie,Anda Union,,0,2012,90,Music
60803,2801656,tt1536437,movie,Rushlights,,0,2013,98,"Crime,Drama,Romance"
60804,2801657,tt1536439,movie,Broken Blood,,0,2013,82,"Drama,Thriller"
60805,2802239,tt1537043,movie,The Professional Idiot,,0,2012,100,"Comedy,Drama"
60808,2803567,tt1538403,movie,The Mortal Instruments: City of Bones,,0,2013,130,"Action,Adventure,Fantasy"
60810,2804006,tt1538854,movie,Milkweed,,0,2013,90,Drama
60811,2804075,tt1538930,movie,Otis N' Dwayne,,0,2013,78,"Comedy,Fantasy,Horror"
60813,2805102,tt1539993,movie,Hated,,0,2012,91,Drama
60814,2805113,tt1540005,movie,Cloned: The Recreator Chronicles,,0,2012,90,"Sci-Fi,Thriller"
60817,2805809,tt1540741,movie,A Single Shot,,0,2013,116,"Crime,Drama,Thriller"
60818,2805833,tt1540767,movie,Apartment 1303 3D,,0,2012,85,Horror
60819,2805914,tt1540855,movie,Le Repas du Singe,,0,2013,100,Drama
60820,2806045,tt1540995,movie,The Horror Pages,,0,2012,95,Horror
60822,2806163,tt1541123,movie,Astronaut: The Last Push,,0,2012,85,"Drama,Sci-Fi"
60826,2808672,tt1543724,movie,Reck and Ima,,0,2013,91,Comedy
60829,2809995,tt1545106,movie,Vamps,,0,2012,92,"Comedy,Horror,Romance"
60830,2810194,tt1545308,movie,Kadhal 2 Kalyanam,,0,2013,\N,Comedy
60832,2810525,tt1545660,movie,Knights of Badassdom,,0,2013,86,"Action,Adventure,Comedy"
60833,2810617,tt1545754,movie,Are You Here,,0,2013,114,"Comedy,Drama"
60834,2811600,tt1546790,movie,Casualties of the State,,0,2012,90,"Action,Crime,Drama"
60836,2811846,tt1547050,movie,Up&Down,,0,2012,90,"Comedy,Romance"
60837,2812019,tt1547234,movie,Premium Rush,,0,2012,91,"Action,Thriller"
60838,2812751,tt1548001,movie,Smoked,,0,2012,98,"Action,Comedy,Crime"
60839,2812770,tt1548021,movie,Swine,,0,2012,90,"Action,Sci-Fi,Western"
60840,2813326,tt1548599,movie,La voz de los silenciados,,0,2013,80,Drama
60841,2813623,tt1548909,movie,Blood Kisses,,0,2012,72,"Drama,Horror,Mystery"
60842,2814592,tt1549920,movie,The Last Stand,,0,2013,107,"Action,Thriller"
60844,2816169,tt1551630,movie,Pawn,,0,2013,88,"Action,Crime,Mystery"
60845,2817653,tt1553199,movie,Poe,,0,2012,105,"Crime,Drama,Horror"
